"sci_name","synonyms"
"""Acroteriobatus annulatus""","""Acroteriobatus annulatus"" OR ""Rhinobatos annulatus"""
"""Acroteriobatus blochii""","""Acroteriobatus blochii"" OR ""Rhinobatos blochii"""
"""Acroteriobatus leucospilus""","""Acroteriobatus leucospilus"" OR ""Rhinobatos leucospilus"""
"""Acroteriobatus ocellatus""","""Acroteriobatus ocellatus"" OR ""Rhinobatos ocellatus"""
"""Acroteriobatus omanensis""","""Acroteriobatus omanensis"""
"""Acroteriobatus salalah""","""Acroteriobatus salalah"" OR ""Rhinobatos salalah"""
"""Acroteriobatus variegatus""","""Acroteriobatus variegatus"" OR ""Rhinobatos variegatus"""
"""Acroteriobatus zanzibarensis""","""Acroteriobatus zanzibarensis"" OR ""Rhinobatos zanzibarensis"""
"""Aetobatus flagellum""","""Aetobatus flagellum"" OR ""Raja flagellum"""
"""Aetobatus laticeps""","""Aetobatus laticeps"" OR ""Aetobatis laticeps"""
"""Aetobatus narinari""","""Aetobatus narinari"" OR ""Raja narinari"""
"""Aetobatus narutobiei""","""Aetobatus narutobiei"""
"""Aetobatus ocellatus""","""Aetobatus ocellatus"" OR ""Aetobatus guttatus"" OR ""Myliobatus ocellatus"" OR ""Aetomylaeus ocellatus"" OR ""Raja mula"" OR ""Raja guttata"" OR ""Myliobatis macroptera"" OR ""Aetobatus punctatus"" OR ""Myliobatis eeltenkee"""
"""Aetomylaeus asperrimus""","""Aetomylaeus asperrimus"" OR ""Pteromylaeus asperrimus"" OR ""Myliobatis asperrimus"""
"""Aetomylaeus bovinus""","""Aetomylaeus bovinus"" OR ""Pteromylaeus bovina"" OR ""Pteromylaeus bovinus"" OR ""Myliobatis bovina"""
"""Aetomylaeus caeruleofasciatus""","""Aetomylaeus caeruleofasciatus"""
"""Aetomylaeus maculatus""","""Aetomylaeus maculatus"" OR ""Myliobatus maculatus"""
"""Aetomylaeus milvus""","""Aetomylaeus milvus"" OR ""Myliobatis milvus"""
"""Aetomylaeus nichofii""","""Aetomylaeus nichofii"" OR ""Raja niehofii"" OR ""Raja nichofii"" OR ""Aetomylus huletti"""
"""Aetomylaeus vespertilio""","""Aetomylaeus vespertilio"" OR ""Aetomylaeus reticulates"" OR ""Myliobatis vespertilio"""
"""Amblyraja badia""","""Amblyraja badia"" OR ""Raja badia"""
"""Amblyraja doellojuradoi""","""Amblyraja doellojuradoi"" OR ""Raja doellojuradoi"""
"""Amblyraja frerichsi""","""Amblyraja frerichsi"" OR ""Raja frerichsi"""
"""Amblyraja georgiana""","""Amblyraja georgiana"" OR ""Raja georgiana"""
"""Amblyraja hyperborea""","""Amblyraja hyperborea"" OR ""Raja hyperborea"""
"""Amblyraja jenseni""","""Amblyraja jenseni"" OR ""Raja jenseni"""
"""Amblyraja radiata""","""Amblyraja radiata"" OR ""Raja radiata"" OR ""Raia scabrata"""
"""Amblyraja reversa""","""Amblyraja reversa"" OR ""Raia reversa"""
"""Amblyraja robertsi""","""Amblyraja robertsi"" OR ""Raja robertsi"""
"""Amblyraja taaf""","""Amblyraja taaf"" OR ""Raja taaf"""
"""Anacanthobatis marmorata""","""Anacanthobatis marmorata"" OR ""Leiobatis marmoratus"" OR ""Anacanthobatis marmoratus"""
"""Anoxypristis cuspidata""","""Anoxypristis cuspidata"" OR ""Pristis cuspidatus"""
"""Aptychotrema rostrata""","""Aptychotrema rostrata"" OR ""Raja rostrata"""
"""Aptychotrema timorensis""","""Aptychotrema timorensis"""
"""Aptychotrema vincentiana""","""Aptychotrema vincentiana"" OR ""Rhinobates vincentianus"""
"""Arctoraja sexoculata""","""Arctoraja sexoculata"" OR ""Bathyraja sexoculata"""
"""Arhynchobatis asperrimus""","""Arhynchobatis asperrimus"""
"""Atlantoraja castelnaui""","""Atlantoraja castelnaui"" OR ""Raja castelnaui"""
"""Atlantoraja cyclophora""","""Atlantoraja cyclophora"" OR ""Raia cyclophora"""
"""Atlantoraja platana""","""Atlantoraja platana"" OR ""Raja platana"""
"""Bathyraja abyssicola""","""Bathyraja abyssicola"" OR ""Raja abyssicola"""
"""Bathyraja aguja""","""Bathyraja aguja"" OR ""Raia aguja"""
"""Bathyraja albomaculata""","""Bathyraja albomaculata"" OR ""Rhinoraja albomaculata"" OR ""Raja albomaculata"""
"""Bathyraja aleutica""","""Bathyraja aleutica"" OR ""Raja aleutica"""
"""Bathyraja andriashevi""","""Bathyraja andriashevi"""
"""Bathyraja arctowskii""","""Bathyraja arctowskii"" OR ""Raja arctowskii"""
"""Bathyraja bergi""","""Bathyraja bergi"" OR ""Bathyraja pseudoisotrachys"""
"""Bathyraja brachyurops""","""Bathyraja brachyurops"" OR ""Raja brachyurops"""
"""Bathyraja cousseauae""","""Bathyraja cousseauae"""
"""Bathyraja diplotaenia""","""Bathyraja diplotaenia"" OR ""Breviraja diplotaenia"" OR ""Rhinoraja diplotaenia"""
"""Bathyraja eatonii""","""Bathyraja eatonii"""
"""Bathyraja fedorovi""","""Bathyraja fedorovi"" OR ""Rhinoraja fedorovi"""
"""Bathyraja griseocauda""","""Bathyraja griseocauda"" OR ""Raja griseocauda"""
"""Bathyraja hesperafricana""","""Bathyraja hesperafricana"""
"""Bathyraja interrupta""","""Bathyraja interrupta"" OR ""Rhinoraja interrupta"" OR ""Raia interrupta"""
"""Bathyraja irrasa""","""Bathyraja irrasa"""
"""Bathyraja ishiharai""","""Bathyraja ishiharai"""
"""Bathyraja isotrachys""","""Bathyraja isotrachys"" OR ""Breviraja isotrachys"" OR ""Rhinoraja isotrachys"" OR ""Raja isotrachys"""
"""Bathyraja kincaidii""","""Bathyraja kincaidii"" OR ""Raia kincaidii"""
"""Bathyraja leucomelanos""","""Bathyraja leucomelanos"""
"""Bathyraja lindbergi""","""Bathyraja lindbergi"""
"""Bathyraja longicauda""","""Bathyraja longicauda"" OR ""Breviraja longicauda"""
"""Bathyraja maccaini""","""Bathyraja maccaini"""
"""Bathyraja macloviana""","""Bathyraja macloviana"" OR ""Raja macloviana"" OR ""Rhinoraja macloviana"""
"""Bathyraja maculata""","""Bathyraja maculata"""
"""Bathyraja magellanica""","""Bathyraja magellanica"" OR ""Raja magellanica"" OR ""Rhinoraja magellanica"""
"""Bathyraja mariposa""","""Bathyraja mariposa"""
"""Bathyraja matsubarai""","""Bathyraja matsubarai"" OR ""Bathyraja notoroensis"" OR ""Bathyraja caeluronigricans"" OR ""Breviraja matsubarai"""
"""Bathyraja meridionalis""","""Bathyraja meridionalis"""
"""Bathyraja microtrachys""","""Bathyraja microtrachys"""
"""Bathyraja minispinosa""","""Bathyraja minispinosa"""
"""Bathyraja multispinis""","""Bathyraja multispinis"" OR ""Raja multispinis"" OR ""Rhinoraja multispinis"""
"""Bathyraja murrayi""","""Bathyraja murrayi"" OR ""Raja murrati"" OR ""Rhinoraja murrayi"""
"""Bathyraja pacifica""","""Bathyraja pacifica"""
"""Bathyraja pallida""","""Bathyraja pallida"" OR ""Breviraja pallida"""
"""Bathyraja panthera""","""Bathyraja panthera"""
"""Bathyraja papilionifera""","""Bathyraja papilionifera"" OR ""Bathyraja papilonifera"""
"""Bathyraja parmifera""","""Bathyraja parmifera"" OR ""Arctoraja parmifera"" OR ""Raia parmifera"""
"""Bathyraja peruana""","""Bathyraja peruana"""
"""Bathyraja richardsoni""","""Bathyraja richardsoni"" OR ""Raja richardsoni"""
"""Bathyraja scaphiops""","""Bathyraja scaphiops"" OR ""Raja scaphiops"""
"""Bathyraja schroederi""","""Bathyraja schroederi"" OR ""Breviraja schroederi"""
"""Bathyraja shuntovi""","""Bathyraja shuntovi"""
"""Bathyraja smirnovi""","""Bathyraja smirnovi"" OR ""Raja smirnovi"""
"""Bathyraja smithii""","""Bathyraja smithii"" OR ""Raja smithii"""
"""Bathyraja spinicauda""","""Bathyraja spinicauda"" OR ""Raja spinicauda"""
"""Bathyraja spinosissima""","""Bathyraja spinosissima"" OR ""Psammobatis spinosissima"""
"""Bathyraja taranetzi""","""Bathyraja taranetzi"" OR ""Bathyraja hubbsi"" OR ""Rhinoraja longi"" OR ""Rhinoraja taranetzi"""
"""Bathyraja trachouros""","""Bathyraja trachouros"" OR ""Breviraja trachouros"""
"""Bathyraja trachura""","""Bathyraja trachura"" OR ""Raja microtrachys"" OR ""Raja trachura"""
"""Bathyraja tunae""","""Bathyraja tunae"""
"""Bathyraja tzinovskii""","""Bathyraja tzinovskii"""
"""Bathyraja violacea""","""Bathyraja violacea"" OR ""Raja violacea"""
"""Bathytoshia brevicaudata""","""Bathytoshia brevicaudata"" OR ""Dasyatis matsubarai"" OR ""Dasyatis brevicaudata"" OR ""Dasyatis multispinosa"" OR ""Trygon brevicaudata"""
"""Bathytoshia centroura""","""Bathytoshia centroura"" OR ""Dasyatis centroura"" OR ""Dasyatis hastata"" OR ""Raja centroura"""
"""Bathytoshia lata""","""Bathytoshia lata"" OR ""Dasyatis lata"" OR ""Dasyatis thetidis"" OR ""Dasyatis ushiei"" OR ""Trygon lata"""
"""Benthobatis kreffti""","""Benthobatis kreffti"""
"""Benthobatis marcida""","""Benthobatis marcida"""
"""Benthobatis moresbyi""","""Benthobatis moresbyi"""
"""Benthobatis yangi""","""Benthobatis yangi"""
"""Beringraja binoculata""","""Beringraja binoculata"" OR ""Raja cooperi"" OR ""Dipturus binoculata"" OR ""Raja binoculata"""
"""Beringraja cortezensis""","""Beringraja cortezensis"" OR ""Raja cortezensis"""
"""Beringraja inornata""","""Beringraja inornata"" OR ""Raja jordani"" OR ""Raja inornata"" OR ""Beringraja inornata"""
"""Beringraja pulchra""","""Beringraja pulchra"" OR ""Raja pulchra"""
"""Beringraja rhina""","""Beringraja rhina"" OR ""Raia rhina"" OR ""Raja rhina"""
"""Beringraja stellulata""","""Beringraja stellulata"" OR ""Raja stellulata"" OR ""Beringraja stellulata"""
"""Breviraja claramaculata""","""Breviraja claramaculata"""
"""Breviraja colesi""","""Breviraja colesi"""
"""Breviraja mouldi""","""Breviraja mouldi"""
"""Breviraja nigriventralis""","""Breviraja nigriventralis"""
"""Breviraja spinosa""","""Breviraja spinosa"""
"""Brevitrygon heterura""","""Brevitrygon heterura"" OR ""Trygon heterurus"""
"""Brevitrygon imbricata""","""Brevitrygon imbricata"" OR ""Himantura dadong"" OR ""Himantura imbricata"" OR ""Amphotistius imbricatus"" OR ""Dasyatis imbricata"" OR ""Dasybatus imbricatus"" OR ""Raja imbricata"" OR ""Trygon imbricata"" OR ""Leiobatis polylepis"" OR ""Raja obtusa"""
"""Brevitrygon javaensis""","""Brevitrygon javaensis"" OR ""Himantura javaensis"""
"""Brevitrygon manjajiae""","""Brevitrygon manjajiae"""
"""Brevitrygon walga""","""Brevitrygon walga"" OR ""Himantura walga"" OR ""Trygon walga"""
"""Brochiraja aenigma""","""Brochiraja aenigma"""
"""Brochiraja albilabiata""","""Brochiraja albilabiata"""
"""Brochiraja asperula""","""Brochiraja asperula"" OR ""Notoraja asperula"" OR ""Pavoraja asperula"" OR ""Bathyraja asperula"""
"""Brochiraja heuresa""","""Brochiraja heuresa"""
"""Brochiraja leviveneta""","""Brochiraja leviveneta"""
"""Brochiraja microspinifera""","""Brochiraja microspinifera"""
"""Brochiraja spinifera""","""Brochiraja spinifera"" OR ""Notoraja spinifera"" OR ""Pavoraja spinifera"" OR ""Bathyraja spinifera"""
"""Brochiraja vittacauda""","""Brochiraja vittacauda"""
"""Cruriraja andamanica""","""Cruriraja andamanica"" OR ""Raia andamanica"""
"""Cruriraja atlantis""","""Cruriraja atlantis"""
"""Cruriraja cadenati""","""Cruriraja cadenati"""
"""Cruriraja durbanensis""","""Cruriraja durbanensis"" OR ""Raia durbanensis"""
"""Cruriraja hulleyi""","""Cruriraja hulleyi"""
"""Cruriraja parcomaculata""","""Cruriraja parcomaculata"" OR ""Cruriraja triangularis"" OR ""Raia parcomaculata"""
"""Cruriraja poeyi""","""Cruriraja poeyi"""
"""Cruriraja rugosa""","""Cruriraja rugosa"""
"""Dactylobatus armatus""","""Dactylobatus armatus"""
"""Dactylobatus clarkii""","""Dactylobatus clarkii"" OR ""Raja clarkii"""
"""Dasyatis chrysonota""","""Dasyatis chrysonota"" OR ""Trygon chrysonata"""
"""Dasyatis hypostigma""","""Dasyatis hypostigma"" OR ""Dasyatis hipostigma"""
"""Dasyatis marmorata""","""Dasyatis marmorata"" OR ""Dasyatis chrysonota"" OR ""Trygon pastinaca"""
"""Dasyatis pastinaca""","""Dasyatis pastinaca"" OR ""Dasyatis pastinaca"" OR ""Raja pastinaca"" OR ""Trygon pastinaca"" OR ""Pastinaca laevis"" OR ""Pastinaca olivacea"" OR ""Raia pastinaca"" OR ""Dasyatis ujo"" OR ""Trygon vulgaris"""
"""Dasyatis tortonesei""","""Dasyatis tortonesei"""
"""Dentiraja australis""","""Dentiraja australis"" OR ""Raja australis"" OR ""Dipturus australis"""
"""Dentiraja cerva""","""Dentiraja cerva"" OR ""Raja cerva"" OR ""Dipturus cerva"""
"""Dentiraja confusa""","""Dentiraja confusa"" OR ""Dipturus confusus"""
"""Dentiraja endeavouri""","""Dentiraja endeavouri"" OR ""Dipturus endeavouri"""
"""Dentiraja falloarga""","""Dentiraja falloarga"" OR ""Dipturus falloargus"""
"""Dentiraja flindersi""","""Dentiraja flindersi"""
"""Dentiraja healdi""","""Dentiraja healdi"" OR ""Dipturus healdi"""
"""Dentiraja lemprieri""","""Dentiraja lemprieri"" OR ""Raja lemprieri"""
"""Dentiraja oculus""","""Dentiraja oculus"" OR ""Dipturus oculus"" OR ""Dentiraja oculus"""
"""Dentiraja polyommata""","""Dentiraja polyommata"" OR ""Raja polyommata"" OR ""Dipturus polyommata"""
"""Diplobatis colombiensis""","""Diplobatis colombiensis"""
"""Diplobatis guamachensis""","""Diplobatis guamachensis"""
"""Diplobatis ommata""","""Diplobatis ommata"" OR ""Discopyge ommata"""
"""Diplobatis picta""","""Diplobatis picta"" OR ""Diplobatus pictus"" OR ""Diplobatis altenai"""
"""Dipturus acrobelus""","""Dipturus acrobelus"""
"""Dipturus amphispinus""","""Dipturus amphispinus"""
"""Dipturus apricus""","""Dipturus apricus"""
"""Dipturus argentinensis""","""Dipturus argentinensis"" OR ""Zearaja argentinensis"""
"""Dipturus batis""","""Dipturus batis"" OR ""Raja batis"" OR ""Raia flossada"" OR ""Raia gaimardi"" OR ""Propterygia hyposticta"" OR ""Raja macrorynchus"" OR ""Batis vulgaris"" OR ""Raia vulgaris"""
"""Dipturus brevicaudatus""","""Dipturus brevicaudatus"" OR ""Raia brevicaudata"" OR ""Dipturus brevicaudata"""
"""Dipturus bullisi""","""Dipturus bullisi"" OR ""Raja bullisi"""
"""Dipturus campbelli""","""Dipturus campbelli"" OR ""Raja campbelli"""
"""Dipturus canutus""","""Dipturus canutus"""
"""Dipturus chilensis""","""Dipturus chilensis"" OR ""Raia chilensis"" OR ""Raja flavirostris"" OR ""Raja latastei"" OR ""Raja oxyptera"" OR ""Zearaja chilensis"""
"""Dipturus chinensis""","""Dipturus chinensis"" OR ""Raia chinensis"""
"""Dipturus crosnieri""","""Dipturus crosnieri"" OR ""Raja crosnieri"""
"""Dipturus doutrei""","""Dipturus doutrei"" OR ""Raja doutrei"""
"""Dipturus ecuadoriensis""","""Dipturus ecuadoriensis"" OR ""Raja steindachneri"" OR ""Raja ecuadoriensis"""
"""Dipturus garricki""","""Dipturus garricki"" OR ""Raja garricki"""
"""Dipturus gigas""","""Dipturus gigas"" OR ""Raja gigas"""
"""Dipturus grahamorum""","""Dipturus grahamorum"" OR ""Dipturus grahami"""
"""Dipturus gudgeri""","""Dipturus gudgeri"""
"""Dipturus innominatus""","""Dipturus innominatus"" OR ""Raja innominata"""
"""Dipturus intermedius""","""Dipturus intermedius"" OR ""Dipturus intermedia"" OR ""Raia intermedia"""
"""Dipturus johannisdavisi""","""Dipturus johannisdavisi"" OR ""Raja johannisdavisi"" OR ""Dipturus johannisdavesi"""
"""Dipturus kwangtungensis""","""Dipturus kwangtungensis"" OR ""Raja kwangtungensis"""
"""Dipturus laevis""","""Dipturus laevis"" OR ""Raja laevis"" OR ""Raia granulata"""
"""Dipturus lamillai""","""Dipturus lamillai"""
"""Dipturus lanceorostratus""","""Dipturus lanceorostratus"" OR ""Raja lanceorostrata"""
"""Dipturus leptocaudus""","""Dipturus leptocaudus"" OR ""Raja leptocauda"""
"""Dipturus macrocauda""","""Dipturus macrocauda"" OR ""Dipturus macrocaudus"" OR ""Raja macrocauda"""
"""Dipturus maugeanus""","""Dipturus maugeanus"""
"""Dipturus melanospilus""","""Dipturus melanospilus"""
"""Dipturus mennii""","""Dipturus mennii"" OR ""Dipturus diehli"""
"""Dipturus nasutus""","""Dipturus nasutus"" OR ""Dipturus nasutus"" OR ""Raja nasuta"" OR ""Zearaja nasutus"""
"""Dipturus nidarosiensis""","""Dipturus nidarosiensis"" OR ""Raja nidarosiensis"""
"""Dipturus olseni""","""Dipturus olseni"" OR ""Raja olseni"""
"""Dipturus oregoni""","""Dipturus oregoni"" OR ""Raja oregoni"""
"""Dipturus oxyrinchus""","""Dipturus oxyrinchus"" OR ""Raja oxyrinchus"""
"""Dipturus pullopunctatus""","""Dipturus pullopunctatus"" OR ""Raja pullopunctata"""
"""Dipturus queenslandicus""","""Dipturus queenslandicus"""
"""Dipturus springeri""","""Dipturus springeri"" OR ""Raja springeri"""
"""Dipturus stenorhynchus""","""Dipturus stenorhynchus"" OR ""Raja stenorhynchus"""
"""Dipturus teevani""","""Dipturus teevani"" OR ""Raja teevani"""
"""Dipturus tengu""","""Dipturus tengu"" OR ""Raja tengu"""
"""Dipturus trachydermus""","""Dipturus trachydermus"" OR ""Raja trachyderma"" OR ""Dipturus trachyderma"""
"""Dipturus wengi""","""Dipturus wengi"""
"""Dipturus wuhanlingi""","""Dipturus wuhanlingi"""
"""Discopyge castelloi""","""Discopyge castelloi"""
"""Discopyge tschudii""","""Discopyge tschudii"""
"""Electrolux addisoni""","""Electrolux addisoni"""
"""Fenestraja atripinna""","""Fenestraja atripinna"" OR ""Breviraja atripinna"""
"""Fenestraja cubensis""","""Fenestraja cubensis"" OR ""Breviraja cubensis"""
"""Fenestraja ishiyamai""","""Fenestraja ishiyamai"" OR ""Breviraja ishiyamai"""
"""Fenestraja maceachrani""","""Fenestraja maceachrani"" OR ""Gurgesiella maceachrani"""
"""Fenestraja mamillidens""","""Fenestraja mamillidens"" OR ""Raja mamillidens"""
"""Fenestraja plutonia""","""Fenestraja plutonia"" OR ""Raja plutonia"""
"""Fenestraja sibogae""","""Fenestraja sibogae"" OR ""Gurgesiella sibogae"" OR ""Raja sibogae"""
"""Fenestraja sinusmexicanus""","""Fenestraja sinusmexicanus"" OR ""Breviraja sinusmexicanus"""
"""Fluvitrygon kittipongi""","""Fluvitrygon kittipongi"" OR ""Himantura kittipongi"""
"""Fluvitrygon oxyrhynchus""","""Fluvitrygon oxyrhynchus"" OR ""Himantura oxyrhynchus"" OR ""Himantura oxyrhyncha"" OR ""Trygon oxyrhynchus"" OR ""Himantura krempfi"""
"""Fluvitrygon signifer""","""Fluvitrygon signifer"" OR ""Himantura signifer"""
"""Fontitrygon colarensis""","""Fontitrygon colarensis"" OR ""Dasyatis colarensis"""
"""Fontitrygon garouaensis""","""Fontitrygon garouaensis"" OR ""Dasyatis garouaensis"" OR ""Potamotrygon garouaensis"""
"""Fontitrygon geijskesi""","""Fontitrygon geijskesi"" OR ""Dasyatis geijskesi"""
"""Fontitrygon margarita""","""Fontitrygon margarita"" OR ""Dasyatis margarita"" OR ""Trygon margarita"""
"""Fontitrygon margaritella""","""Fontitrygon margaritella"" OR ""Dasyatis margaritella"""
"""Fontitrygon ukpam""","""Fontitrygon ukpam"" OR ""Dasyatis ukpam"" OR ""Urogymnus ukpam"" OR ""Hemitrygon ukpam"""
"""Glaucostegus cemiculus""","""Glaucostegus cemiculus"" OR ""Rhinobatos cemiculus"" OR ""Glaucostegus petiti"""
"""Glaucostegus granulatus""","""Glaucostegus granulatus"" OR ""Rhinobatos granulatus"""
"""Glaucostegus halavi""","""Glaucostegus halavi"" OR ""Rhinobatos halavi"" OR ""Raja halavi"""
"""Glaucostegus obtusus""","""Glaucostegus obtusus"" OR ""Rhinobatos obtusus"""
"""Glaucostegus thouin""","""Glaucostegus thouin"" OR ""Rhinobatos thouin"" OR ""Raja thouin"""
"""Glaucostegus typus""","""Glaucostegus typus"" OR ""Glaucostegus microphthalmus"" OR ""Rhinobatos typus"""
"""Glaucostegus younholeei""","""Glaucostegus younholeei"""
"""Gurgesiella atlantica""","""Gurgesiella atlantica"" OR ""Pseudoraja atlantica"""
"""Gurgesiella dorsalifera""","""Gurgesiella dorsalifera"""
"""Gurgesiella furvescens""","""Gurgesiella furvescens"""
"""Gymnura altavela""","""Gymnura altavela"" OR ""Raja altavela"" OR ""Pteroplatea binotata"" OR ""Pteroplatea canariensis"" OR ""Raja maclura"" OR ""Pteroplatea vaillantii"" OR ""Pteroplatea valenciennii"""
"""Gymnura australis""","""Gymnura australis"" OR ""Pteroplatea australis"""
"""Gymnura crebripunctata""","""Gymnura crebripunctata"" OR ""Gymnura afuerae"" OR ""Pteroplatea crebripunctata"""
"""Gymnura japonica""","""Gymnura japonica"" OR ""Gymnura bimaculata"" OR ""Pteroplatea japonica"""
"""Gymnura lessae""","""Gymnura lessae"""
"""Gymnura marmorata""","""Gymnura marmorata"" OR ""Pteroplatea marmorata"" OR ""Pteroplatea rava"""
"""Gymnura micrura""","""Gymnura micrura"" OR ""Raja micrura"""
"""Gymnura natalensis""","""Gymnura natalensis"" OR ""Pteroplatea natalensis"""
"""Gymnura poecilura""","""Gymnura poecilura"""
"""Gymnura sereti""","""Gymnura sereti"""
"""Gymnura tentaculata""","""Gymnura tentaculata"" OR ""Aetoplatea tentaculata"""
"""Gymnura zonura""","""Gymnura zonura"" OR ""Aetoplatea zonura"""
"""Heliotrygon rosai""","""Heliotrygon rosai"""
"""Hemitrygon akajei""","""Hemitrygon akajei"" OR ""Dasyatis akajei"" OR ""Dasyatis gigantea"" OR ""Trygon akajei"""
"""Hemitrygon bennetti""","""Hemitrygon bennetti"" OR ""Dasyatis bennetti"" OR ""Trygon bennettii"""
"""Hemitrygon fluviorum""","""Hemitrygon fluviorum"" OR ""Dasyatis fluviorum"""
"""Hemitrygon izuensis""","""Hemitrygon izuensis"" OR ""Dasyatis izuensis"""
"""Hemitrygon laevigata""","""Hemitrygon laevigata"" OR ""Dasyatis laevigata"""
"""Hemitrygon laosensis""","""Hemitrygon laosensis"" OR ""Dasyatis laosensis"""
"""Hemitrygon longicauda""","""Hemitrygon longicauda"" OR ""Dasyatis longicauda"""
"""Hemitrygon navarrae""","""Hemitrygon navarrae"" OR ""Dasyatis navarrae"" OR ""Trygon navarrae"""
"""Hemitrygon parvonigra""","""Hemitrygon parvonigra"" OR ""Dasyatis parvonigra"""
"""Hemitrygon sinensis""","""Hemitrygon sinensis"" OR ""Dasyatis sinensis"" OR ""Trygon sinensis"""
"""Hemitrygon yemenensis""","""Hemitrygon yemenensis"""
"""Heteronarce bentuviai""","""Heteronarce bentuviai"" OR ""Narcine bentuviai"""
"""Heteronarce garmani""","""Heteronarce garmani"" OR ""Heteronarce regani"" OR ""Narcine natalensis"""
"""Heteronarce mollis""","""Heteronarce mollis"" OR ""Narcine mollis"""
"""Hexatrygon bickelli""","""Hexatrygon bickelli"" OR ""Hexatrygon yangi"" OR ""Hexatrematobatis longirostrum"" OR ""Hexatrygon taiwanensis"" OR ""Hexatrygon brevirostra"""
"""Himantura australis""","""Himantura australis"""
"""Himantura leoparda""","""Himantura leoparda"" OR ""Trygon russellii"""
"""Himantura uarnak""","""Himantura uarnak"" OR ""Raja uarnak"" OR ""Himantura punctata"" OR ""Himantura variegatus"" OR ""Raja sephen"""
"""Himantura undulata""","""Himantura undulata"""
"""Hongeo koreana""","""Hongeo koreana"" OR ""Okamejei koreana"" OR ""Raja koreana"""
"""Hypanus americanus""","""Hypanus americanus"" OR ""Dasyatis americana"""
"""Hypanus berthalutzae""","""Hypanus berthalutzae"""
"""Hypanus dipterurus""","""Hypanus dipterurus"" OR ""Dasyatis brevis"" OR ""Dasyatis hawaiiensis"" OR ""Dasyatis dipterura"" OR ""Dasybatis dipterurus"""
"""Hypanus guttatus""","""Hypanus guttatus"" OR ""Dasyatis guttata"" OR ""Raja guttata"""
"""Hypanus longus""","""Hypanus longus"" OR ""Dasyatis longus"" OR ""Dasyatis longa"" OR ""Trygon longa"""
"""Hypanus marianae""","""Hypanus marianae"" OR ""Dasyatis marianae"""
"""Hypanus rudis""","""Hypanus rudis"" OR ""Dasyatis rudis"" OR ""Trygon rudis"""
"""Hypanus sabinus""","""Hypanus sabinus"" OR ""Dasyatis sabina"" OR ""Trygon sabina"""
"""Hypanus say""","""Hypanus say"" OR ""Dasyatis sayi"" OR ""Dasyatis say"" OR ""Raja say"""
"""Hypnos monopterygius""","""Hypnos monopterygius"""
"""Indobatis ori""","""Indobatis ori"" OR ""Springeria ori"" OR ""Anacanthobatis ori"""
"""Insentiraja laxipella""","""Insentiraja laxipella"" OR ""Notoraja laxipella"" OR ""Pavoraja laxipella"""
"""Insentiraja subtilispinosa""","""Insentiraja subtilispinosa"" OR ""Notoraja subtilispinosa"""
"""Irolita waitii""","""Irolita waitii"" OR ""Psammobatis waitii"" OR ""Raja waitii"""
"""Irolita westraliensis""","""Irolita westraliensis"""
"""Leucoraja circularis""","""Leucoraja circularis"" OR ""Raja circularis"" OR ""Raja falsavela"""
"""Leucoraja compagnoi""","""Leucoraja compagnoi"" OR ""Raja compagnoi"""
"""Leucoraja elaineae""","""Leucoraja elaineae"""
"""Leucoraja erinacea""","""Leucoraja erinacea"" OR ""Raja erinaceus"""
"""Leucoraja fullonica""","""Leucoraja fullonica"" OR ""Raja fullonica"" OR ""Raja chagrinea"" OR ""Raja gallica"""
"""Leucoraja garmani""","""Leucoraja garmani"" OR ""Raja garmani"""
"""Leucoraja lentiginosa""","""Leucoraja lentiginosa"" OR ""Raja lentiginosa"""
"""Leucoraja leucosticta""","""Leucoraja leucosticta"" OR ""Raja leucosticta"""
"""Leucoraja melitensis""","""Leucoraja melitensis"""
"""Leucoraja naevus""","""Leucoraja naevus"" OR ""Raja naevus"""
"""Leucoraja ocellata""","""Leucoraja ocellata"" OR ""Raja ocellata"""
"""Leucoraja pristispina""","""Leucoraja pristispina"""
"""Leucoraja wallacei""","""Leucoraja wallacei"" OR ""Raja wallacei"""
"""Leucoraja yucatanensis""","""Leucoraja yucatanensis"" OR ""Breviraja yucatanensis"""
"""Maculabatis ambigua""","""Maculabatis ambigua"""
"""Maculabatis arabica""","""Maculabatis arabica"""
"""Maculabatis astra""","""Maculabatis astra"" OR ""Himantura astra"""
"""Maculabatis bineeshi""","""Maculabatis bineeshi"""
"""Maculabatis gerrardi""","""Maculabatis gerrardi"" OR ""Himantura macrurus"" OR ""Himantura alcockii"" OR ""Himantura gerrardi"" OR ""Trygon gerrardi"""
"""Maculabatis macrura""","""Maculabatis macrura"" OR ""Trygon macrurus"""
"""Maculabatis pastinacoides""","""Maculabatis pastinacoides"" OR ""Himantura pareh"" OR ""Himantura pastinacoides"" OR ""Trygon pastinacoides"""
"""Maculabatis randalli""","""Maculabatis randalli"" OR ""Himantura randalli"""
"""Maculabatis toshi""","""Maculabatis toshi"" OR ""Himantura toshi"""
"""Makararaja chindwinensis""","""Makararaja chindwinensis"""
"""Malacoraja kreffti""","""Malacoraja kreffti"" OR ""Raja kreffti"""
"""Malacoraja obscura""","""Malacoraja obscura"""
"""Malacoraja senta""","""Malacoraja senta"" OR ""Raja senta"""
"""Malacoraja spinacidermis""","""Malacoraja spinacidermis"""
"""Megatrygon microps""","""Megatrygon microps"" OR ""Dasyatis microps"" OR ""Trygon microps"""
"""Mobula alfredi""","""Mobula alfredi"" OR ""Manta alfredi"" OR ""Ceratoptera alfredi"""
"""Mobula birostris""","""Mobula birostris"" OR ""Manta hamiltoni"" OR ""Manta birostris"" OR ""Raja birostris"""
"""Mobula eregoodoo""","""Mobula eregoodoo"" OR ""Mobula eregoodootenkee"" OR ""Dicerobatis eregoodoo"""
"""Mobula hypostoma""","""Mobula hypostoma"" OR ""Mobula rochebrunei"""
"""Mobula kuhlii""","""Mobula kuhlii"" OR ""Cephaloptera kuhlii"" OR ""Dicerobatis draco"""
"""Mobula mobular""","""Mobula mobular"" OR ""Raia mobular"" OR ""Mobula japanica"""
"""Mobula munkiana""","""Mobula munkiana"""
"""Mobula tarapacana""","""Mobula tarapacana"" OR ""Cephaloptera tarapacana"""
"""Mobula thurstoni""","""Mobula thurstoni"" OR ""Dicerobatis thurstoni"""
"""Myliobatis aquila""","""Myliobatis aquila"" OR ""Raja aquila"""
"""Myliobatis californicus""","""Myliobatis californicus"" OR ""Myliobatis californica"" OR ""Rhinoptera encenadae"" OR ""Rhinoptera vespertilio"""
"""Myliobatis chilensis""","""Myliobatis chilensis"""
"""Myliobatis freminvillei""","""Myliobatis freminvillei"" OR ""Myliobatis freminvillii"""
"""Myliobatis goodei""","""Myliobatis goodei"""
"""Myliobatis hamlyni""","""Myliobatis hamlyni"""
"""Myliobatis longirostris""","""Myliobatis longirostris"""
"""Myliobatis peruvianus""","""Myliobatis peruvianus"""
"""Myliobatis ridens""","""Myliobatis ridens"""
"""Myliobatis tenuicaudatus""","""Myliobatis tenuicaudatus"" OR ""Myliobatis australis"""
"""Myliobatis tobijei""","""Myliobatis tobijei"" OR ""Myliobatis cornuta"""
"""Narcine atzi""","""Narcine atzi"""
"""Narcine baliensis""","""Narcine baliensis"""
"""Narcine bancroftii""","""Narcine bancroftii"" OR ""Torpedo bancroftii"""
"""Narcine brasiliensis""","""Narcine brasiliensis"" OR ""Torpedo brasiliensis"""
"""Narcine brevilabiata""","""Narcine brevilabiata"""
"""Narcine entemedor""","""Narcine entemedor"""
"""Narcine insolita""","""Narcine insolita"""
"""Narcine leoparda""","""Narcine leoparda"""
"""Narcine lingula""","""Narcine lingula"""
"""Narcine maculata""","""Narcine maculata"" OR ""Raja maculata"""
"""Narcine oculifera""","""Narcine oculifera"""
"""Narcine prodorsalis""","""Narcine prodorsalis"""
"""Narcine rierai""","""Narcine rierai"" OR ""Heteronarce rierai"""
"""Narcine timlei""","""Narcine timlei"" OR ""Narcine indica"" OR ""Raja timlei"""
"""Narcine vermiculata""","""Narcine vermiculata"" OR ""Narcine schmidti"" OR ""Narcine vermiculatus"""
"""Narcinops lasti""","""Narcinops lasti"" OR ""Narcine lasti"""
"""Narcinops nelsoni""","""Narcinops nelsoni"" OR ""Narcine nelsoni"""
"""Narcinops ornata""","""Narcinops ornata"" OR ""Narcine ornata"""
"""Narcinops tasmaniensis""","""Narcinops tasmaniensis"" OR ""Narcine tasmaniensis"""
"""Narcinops westraliensis""","""Narcinops westraliensis"" OR ""Narcine westraliensis"""
"""Narke capensis""","""Narke capensis"" OR ""Raja capensis"""
"""Narke dipterygia""","""Narke dipterygia"" OR ""Raja dipterygia"" OR ""Bengalichthys impennis"""
"""Narke japonica""","""Narke japonica"" OR ""Torpedo japonica"" OR ""Crassinarke dormitor"""
"""Neoraja africana""","""Neoraja africana"" OR ""Breviraja africana"""
"""Neoraja caerulea""","""Neoraja caerulea"" OR ""Breviraja caerulea"""
"""Neoraja carolinensis""","""Neoraja carolinensis"""
"""Neoraja iberica""","""Neoraja iberica"""
"""Neoraja stehmanni""","""Neoraja stehmanni"" OR ""Breviraja stehmanni"""
"""Neotrygon annotata""","""Neotrygon annotata"" OR ""Dasyatis annotata"" OR ""Dasyatis annotatus"""
"""Neotrygon australiae""","""Neotrygon australiae"""
"""Neotrygon caeruleopunctata""","""Neotrygon caeruleopunctata"""
"""Neotrygon kuhlii""","""Neotrygon kuhlii"" OR ""Amphotistius kuhlii"" OR ""Dasyatis kuhlii"" OR ""Trygon kuhlii"""
"""Neotrygon leylandi""","""Neotrygon leylandi"" OR ""Dasyatis leylandi"""
"""Neotrygon ningalooensis""","""Neotrygon ningalooensis"""
"""Neotrygon orientalis""","""Neotrygon orientalis"" OR ""Neotrygon orientale"""
"""Neotrygon picta""","""Neotrygon picta"""
"""Neotrygon trigonoides""","""Neotrygon trigonoides"" OR ""Raya trigonoides"""
"""Neotrygon varidens""","""Neotrygon varidens"" OR ""Dasybatus varidens"""
"""Notoraja alisae""","""Notoraja alisae"""
"""Notoraja azurea""","""Notoraja azurea"""
"""Notoraja fijiensis""","""Notoraja fijiensis"""
"""Notoraja hesperindica""","""Notoraja hesperindica"""
"""Notoraja hirticauda""","""Notoraja hirticauda"""
"""Notoraja inusitata""","""Notoraja inusitata"""
"""Notoraja lira""","""Notoraja lira"""
"""Notoraja longiventralis""","""Notoraja longiventralis"""
"""Notoraja martinezi""","""Notoraja martinezi"""
"""Notoraja ochroderma""","""Notoraja ochroderma"""
"""Notoraja sapphira""","""Notoraja sapphira"""
"""Notoraja sereti""","""Notoraja sereti"""
"""Notoraja sticta""","""Notoraja sticta"""
"""Notoraja tobitukai""","""Notoraja tobitukai"" OR ""Raja tobitukai"""
"""Okamejei acutispina""","""Okamejei acutispina"" OR ""Raja acutispina"""
"""Okamejei arafurensis""","""Okamejei arafurensis"""
"""Okamejei boesemani""","""Okamejei boesemani"" OR ""Raja boesemani"""
"""Okamejei cairae""","""Okamejei cairae"""
"""Okamejei heemstrai""","""Okamejei heemstrai"" OR ""Raja heemstrai"""
"""Okamejei hollandi""","""Okamejei hollandi"" OR ""Raja hollandi"""
"""Okamejei kenojei""","""Okamejei kenojei"" OR ""Raja kenojei"""
"""Okamejei leptoura""","""Okamejei leptoura"""
"""Okamejei meerdervoortii""","""Okamejei meerdervoortii"" OR ""Raja meerdervoortii"""
"""Okamejei mengae""","""Okamejei mengae"""
"""Okamejei ornata""","""Okamejei ornata"""
"""Okamejei panayensis""","""Okamejei panayensis"""
"""Okamejei picta""","""Okamejei picta"""
"""Okamejei schmidti""","""Okamejei schmidti"" OR ""Raja schmidti"""
"""Orbiraja jensenae""","""Orbiraja jensenae"" OR ""Okamejei jensenae"""
"""Orbiraja philipi""","""Orbiraja philipi"" OR ""Raia philipi"" OR ""Okamejei powelli"" OR ""Okamejei philipi"""
"""Orbiraja powelli""","""Orbiraja powelli"" OR ""Okamejei powelli"" OR ""Raja powelli"""
"""Paratrygon aiereba""","""Paratrygon aiereba"" OR ""Paratrygon ajereba"" OR ""Trygon ajereba"" OR ""Raja orbicularis"""
"""Pastinachus ater""","""Pastinachus ater"" OR ""Pastinachus atrus"" OR ""Pastinachus sephen"" OR ""Taeniura atra"""
"""Pastinachus gracilicaudus""","""Pastinachus gracilicaudus"""
"""Pastinachus sephen""","""Pastinachus sephen"" OR ""Dasyatis sephen"" OR ""Hypolophus sephen"" OR ""Raja sephen"" OR ""Himantura fluviatilis"""
"""Pastinachus solocirostris""","""Pastinachus solocirostris"""
"""Pastinachus stellurostris""","""Pastinachus stellurostris"""
"""Pateobatis bleekeri""","""Pateobatis bleekeri"" OR ""Himantura bleekeri"" OR ""Trygon bleekeri"""
"""Pateobatis fai""","""Pateobatis fai"" OR ""Himantura fai"""
"""Pateobatis hortlei""","""Pateobatis hortlei"" OR ""Himantura hortlei"""
"""Pateobatis jenkinsii""","""Pateobatis jenkinsii"" OR ""Himantura draco"" OR ""Himantura jenkinsii"" OR ""Trygon jenkinsii"""
"""Pateobatis uarnacoides""","""Pateobatis uarnacoides"" OR ""Himantura uarnacoides"" OR ""Trygon uarnacoides"""
"""Pavoraja alleni""","""Pavoraja alleni"""
"""Pavoraja arenaria""","""Pavoraja arenaria"""
"""Pavoraja mosaica""","""Pavoraja mosaica"""
"""Pavoraja nitida""","""Pavoraja nitida"""
"""Pavoraja pseudonitida""","""Pavoraja pseudonitida"""
"""Pavoraja umbrosa""","""Pavoraja umbrosa"""
"""Platyrhina hyugaensis""","""Platyrhina hyugaensis"""
"""Platyrhina psomadakisi""","""Platyrhina psomadakisi"""
"""Platyrhina sinensis""","""Platyrhina sinensis"" OR ""Rhina sinensis"" OR ""Platyrhina limboonkengi"""
"""Platyrhina tangi""","""Platyrhina tangi"""
"""Platyrhinoidis triseriata""","""Platyrhinoidis triseriata"" OR ""Platyrhina triseriata"""
"""Plesiobatis daviesi""","""Plesiobatis daviesi"" OR ""Urolophus marmoratus"""
"""Plesiotrygon iwamae""","""Plesiotrygon iwamae"""
"""Plesiotrygon nana""","""Plesiotrygon nana"""
"""Pliotrema annae""","""Pliotrema annae"""
"""Pliotrema kajae""","""Pliotrema kajae"""
"""Pliotrema warreni""","""Pliotrema warreni"""
"""Potamotrygon adamastor""","""Potamotrygon adamastor"""
"""Potamotrygon amandae""","""Potamotrygon amandae"""
"""Potamotrygon amazona""","""Potamotrygon amazona"""
"""Potamotrygon boesemani""","""Potamotrygon boesemani"""
"""Potamotrygon brachyura""","""Potamotrygon brachyura"" OR ""Trygon brachyurus"" OR ""Potamotrygon brumi"""
"""Potamotrygon castexi""","""Potamotrygon castexi"""
"""Potamotrygon constellata""","""Potamotrygon constellata"" OR ""Taeniura constellata"""
"""Potamotrygon falkneri""","""Potamotrygon falkneri"" OR ""Potamotrygon menchacai"" OR ""Potamotrygon castexi"""
"""Potamotrygon henlei""","""Potamotrygon henlei"" OR ""Trygon henlei"" OR ""Taenura henlei"""
"""Potamotrygon histrix""","""Potamotrygon histrix"" OR ""Trygon hystrix"""
"""Potamotrygon humerosa""","""Potamotrygon humerosa"" OR ""Potamotrygon orbignyi"""
"""Potamotrygon leopoldi""","""Potamotrygon leopoldi"""
"""Potamotrygon limai""","""Potamotrygon limai"""
"""Potamotrygon magdalenae""","""Potamotrygon magdalenae"" OR ""Trygon hystrix"" OR ""Taeniura magdalenae"""
"""Potamotrygon marinae""","""Potamotrygon marinae"""
"""Potamotrygon motoro""","""Potamotrygon motoro"" OR ""Potamotrygon pauckei"" OR ""Taeniura motoro"" OR ""Potamotrygon alba"" OR ""Trygon garrapa"" OR ""Potamotrygon labradori"" OR ""Potamotrygon laticeps"""
"""Potamotrygon ocellata""","""Potamotrygon ocellata"" OR ""Trygon ocellata"""
"""Potamotrygon orbignyi""","""Potamotrygon orbignyi"" OR ""Potamotrygon dumerilii"" OR ""Trygon orbignyi"" OR ""Potamotrygon reticulatus"" OR ""Potamotrygon roulini"""
"""Potamotrygon rex""","""Potamotrygon rex"""
"""Potamotrygon schroederi""","""Potamotrygon schroederi"""
"""Potamotrygon schuemacheri""","""Potamotrygon schuemacheri"""
"""Potamotrygon scobina""","""Potamotrygon scobina"""
"""Potamotrygon signata""","""Potamotrygon signata"""
"""Potamotrygon tigrina""","""Potamotrygon tigrina"""
"""Potamotrygon yepezi""","""Potamotrygon yepezi"""
"""Pristiophorus cirratus""","""Pristiophorus cirratus"" OR ""Pristis cirratus"""
"""Pristiophorus delicatus""","""Pristiophorus delicatus"""
"""Pristiophorus japonicus""","""Pristiophorus japonicus"""
"""Pristiophorus lanae""","""Pristiophorus lanae"""
"""Pristiophorus nancyae""","""Pristiophorus nancyae"""
"""Pristiophorus nudipinnis""","""Pristiophorus nudipinnis"""
"""Pristiophorus schroederi""","""Pristiophorus schroederi"""
"""Pristis clavata""","""Pristis clavata"""
"""Pristis pectinata""","""Pristis pectinata"" OR ""Pristis acutirostris"" OR ""Pristis annandalei"" OR ""Pristis granulosa"" OR ""Pristis mississippiensis"" OR ""Pristis serra"""
"""Pristis pristis""","""Pristis pristis"" OR ""Pristis zephyreus"" OR ""Pristis perotteti"" OR ""Pristis microdon"" OR ""Squalus pristis"""
"""Pristis zijsron""","""Pristis zijsron"""
"""Psammobatis bergi""","""Psammobatis bergi"""
"""Psammobatis extenta""","""Psammobatis extenta"" OR ""Psammobatis glansdissimilis"" OR ""Raia extenta"""
"""Psammobatis lentiginosa""","""Psammobatis lentiginosa"""
"""Psammobatis normani""","""Psammobatis normani"" OR ""Psammobatis parvacauda"""
"""Psammobatis rudis""","""Psammobatis rudis"""
"""Psammobatis rutrum""","""Psammobatis rutrum"" OR ""Malacorhina cirrifer"""
"""Psammobatis scobina""","""Psammobatis scobina"" OR ""Raja scobina"""
"""Pseudobatos buthi""","""Pseudobatos buthi"""
"""Pseudobatos glaucostigmus""","""Pseudobatos glaucostigmus"" OR ""Rhinobatos glaucostigma"""
"""Pseudobatos horkelii""","""Pseudobatos horkelii"" OR ""Rhinobatos horkeli"" OR ""Rhinobatos horkelii"""
"""Pseudobatos lentiginosus""","""Pseudobatos lentiginosus"" OR ""Rhinobatos lentiginosus"""
"""Pseudobatos leucorhynchus""","""Pseudobatos leucorhynchus"" OR ""Rhinobatos leucorhynchus"" OR ""Rhinobatos leucorhinchus"""
"""Pseudobatos percellens""","""Pseudobatos percellens"" OR ""Rhinobatos percellens"" OR ""Raja percellens"""
"""Pseudobatos planiceps""","""Pseudobatos planiceps"" OR ""Rhinobatos planiceps"""
"""Pseudobatos prahli""","""Pseudobatos prahli"" OR ""Rhinobatos prahli"""
"""Pseudobatos productus""","""Pseudobatos productus"" OR ""Rhinobatos productus"""
"""Pseudoraja fischeri""","""Pseudoraja fischeri"""
"""Pteroplatytrygon violacea""","""Pteroplatytrygon violacea"" OR ""Dasyatis violacea"" OR ""Trygon violacea"""
"""Raja asterias""","""Raja asterias"""
"""Raja brachyura""","""Raja brachyura"" OR ""Raia brachyura"""
"""Raja clavata""","""Raja clavata"" OR ""Malacoraja clavata"""
"""Raja herwigi""","""Raja herwigi"""
"""Raja maderensis""","""Raja maderensis"" OR ""Raia maderensis"""
"""Raja microocellata""","""Raja microocellata"" OR ""Raia microocellata"""
"""Raja miraletus""","""Raja miraletus"""
"""Raja montagui""","""Raja montagui"""
"""Raja ocellifera""","""Raja ocellifera"""
"""Raja parva""","""Raja parva"""
"""Raja pita""","""Raja pita"" OR ""Okamejei pita"""
"""Raja polystigma""","""Raja polystigma"""
"""Raja radula""","""Raja radula"""
"""Raja straeleni""","""Raja straeleni"" OR ""Raja rouxi"""
"""Raja undulata""","""Raja undulata"" OR ""Raja fenestrata"" OR ""Raja atra"" OR ""Raja mosaica"" OR ""Raja picta"""
"""Rajella annandalei""","""Rajella annandalei"" OR ""Raja annandalei"""
"""Rajella barnardi""","""Rajella barnardi"" OR ""Raja confundens"" OR ""Raja dageti"" OR ""Raja barnardi"""
"""Rajella bathyphila""","""Rajella bathyphila"" OR ""Raja bathyphila"""
"""Rajella bigelowi""","""Rajella bigelowi"" OR ""Raja bigelowi"""
"""Rajella caudaspinosa""","""Rajella caudaspinosa"" OR ""Raia caudaspinosa"""
"""Rajella challengeri""","""Rajella challengeri"""
"""Rajella dissimilis""","""Rajella dissimilis"""
"""Rajella eisenhardti""","""Rajella eisenhardti"""
"""Rajella fuliginea""","""Rajella fuliginea"" OR ""Raja fuliginea"""
"""Rajella fyllae""","""Rajella fyllae"" OR ""Breviraja marklei"" OR ""Breviraja mouldi"" OR ""Raja fyllae"""
"""Rajella kukujevi""","""Rajella kukujevi"" OR ""Raja kukujevi"""
"""Rajella leoparda""","""Rajella leoparda"" OR ""Rajella leopardus"" OR ""Raia leopardus"""
"""Rajella lintea""","""Rajella lintea"" OR ""Dipturus linteus"" OR ""Raja lintea"""
"""Rajella nigerrima""","""Rajella nigerrima"" OR ""Malacoraja nigerrima"" OR ""Breviraja nigerrima"""
"""Rajella paucispinosa""","""Rajella paucispinosa"""
"""Rajella purpuriventralis""","""Rajella purpuriventralis"" OR ""Raja purpuriventralis"""
"""Rajella ravidula""","""Rajella ravidula"" OR ""Raja ravidula"""
"""Rajella sadowskii""","""Rajella sadowskii"" OR ""Raja sadowskii"""
"""Rhina ancylostomus""","""Rhina ancylostomus"" OR ""Rhina ancylostoma"""
"""Rhinobatos albomaculatus""","""Rhinobatos albomaculatus"""
"""Rhinobatos annandalei""","""Rhinobatos annandalei"""
"""Rhinobatos austini""","""Rhinobatos austini"""
"""Rhinobatos borneensis""","""Rhinobatos borneensis"""
"""Rhinobatos holcorhynchus""","""Rhinobatos holcorhynchus"""
"""Rhinobatos hynnicephalus""","""Rhinobatos hynnicephalus"""
"""Rhinobatos irvinei""","""Rhinobatos irvinei"""
"""Rhinobatos jimbaranensis""","""Rhinobatos jimbaranensis"""
"""Rhinobatos lionotus""","""Rhinobatos lionotus"""
"""Rhinobatos manai""","""Rhinobatos manai"""
"""Rhinobatos nudidorsalis""","""Rhinobatos nudidorsalis"""
"""Rhinobatos penggali""","""Rhinobatos penggali"""
"""Rhinobatos punctifer""","""Rhinobatos punctifer"""
"""Rhinobatos ranongensis""","""Rhinobatos ranongensis"""
"""Rhinobatos rhinobatos""","""Rhinobatos rhinobatos"" OR ""Raja rhinobatos"""
"""Rhinobatos sainsburyi""","""Rhinobatos sainsburyi"""
"""Rhinobatos schlegelii""","""Rhinobatos schlegelii"" OR ""Rhinobatos formosensis"""
"""Rhinobatos whitei""","""Rhinobatos whitei"""
"""Rhinoptera bonasus""","""Rhinoptera bonasus"" OR ""Raja bonasus"""
"""Rhinoptera brasiliensis""","""Rhinoptera brasiliensis"""
"""Rhinoptera javanica""","""Rhinoptera javanica"""
"""Rhinoptera jayakari""","""Rhinoptera jayakari"""
"""Rhinoptera marginata""","""Rhinoptera marginata"" OR ""Myliobatis marginata"""
"""Rhinoptera neglecta""","""Rhinoptera neglecta"""
"""Rhinoptera steindachneri""","""Rhinoptera steindachneri"""
"""Rhinoraja kujiensis""","""Rhinoraja kujiensis"" OR ""Bathyraja kujiensis"""
"""Rhinoraja longicauda""","""Rhinoraja longicauda"" OR ""Bathyraja longicauda"""
"""Rhinoraja odai""","""Rhinoraja odai"" OR ""Bathyraja odai"""
"""Rhynchobatus australiae""","""Rhynchobatus australiae"" OR ""Rhynchobatus djiddensis"""
"""Rhynchobatus cooki""","""Rhynchobatus cooki"""
"""Rhynchobatus djiddensis""","""Rhynchobatus djiddensis"" OR ""Raja djiddensis"""
"""Rhynchobatus immaculatus""","""Rhynchobatus immaculatus"""
"""Rhynchobatus laevis""","""Rhynchobatus laevis"" OR ""Rhinobatus laevis"""
"""Rhynchobatus luebberti""","""Rhynchobatus luebberti"" OR ""Rhynchobatus atlanticus"""
"""Rhynchobatus mononoke""","""Rhynchobatus mononoke"""
"""Rhynchobatus palpebratus""","""Rhynchobatus palpebratus"""
"""Rhynchobatus springeri""","""Rhynchobatus springeri"""
"""Rhynchorhina mauritaniensis""","""Rhynchorhina mauritaniensis"""
"""Rioraja agassizii""","""Rioraja agassizii"" OR ""Uraptera agassizii"""
"""Rostroraja ackleyi""","""Rostroraja ackleyi"" OR ""Raja ackleyi"""
"""Rostroraja alba""","""Rostroraja alba"" OR ""Raja marginata"" OR ""Raja alba"""
"""Rostroraja bahamensis""","""Rostroraja bahamensis"" OR ""Raja bahamensis"""
"""Rostroraja cervigoni""","""Rostroraja cervigoni"" OR ""Raja cervigoni"""
"""Rostroraja eglanteria""","""Rostroraja eglanteria"" OR ""Raja eglanteria"""
"""Rostroraja equatorialis""","""Rostroraja equatorialis"" OR ""Raja equatorialis"""
"""Rostroraja texana""","""Rostroraja texana"" OR ""Raja texana"""
"""Rostroraja velezi""","""Rostroraja velezi"" OR ""Raja velezi"""
"""Schroederobatis americana""","""Schroederobatis americana"" OR ""Anacanthobatis americanus"""
"""Sinobatis andamanensis""","""Sinobatis andamanensis"""
"""Sinobatis borneensis""","""Sinobatis borneensis"" OR ""Anacanthobatis borneensis"" OR ""Anacanthobatis donghaiensis"" OR ""Anacanthobatis nanhaiensis"""
"""Sinobatis brevicauda""","""Sinobatis brevicauda"""
"""Sinobatis bulbicauda""","""Sinobatis bulbicauda"""
"""Sinobatis caerulea""","""Sinobatis caerulea"""
"""Sinobatis filicauda""","""Sinobatis filicauda"""
"""Sinobatis kotlyari""","""Sinobatis kotlyari"""
"""Sinobatis melanosoma""","""Sinobatis melanosoma"" OR ""Anacanthobatis melanosoma"" OR ""Springeria melanosoma"""
"""Sinobatis stenosoma""","""Sinobatis stenosoma"" OR ""Anacanthobatis stenosoma"" OR ""Springeria stenosoma"""
"""Spinilophus armatus""","""Spinilophus armatus"" OR ""Urolophus armatus"""
"""Spiniraja whitleyi""","""Spiniraja whitleyi"" OR ""Dipturus whitleyi"" OR ""Raja whitleyi"""
"""Springeria folirostris""","""Springeria folirostris"" OR ""Anacanthobatis folirostris"""
"""Springeria longirostris""","""Springeria longirostris"" OR ""Anacanthobatis longirostris"""
"""Styracura pacifica""","""Styracura pacifica"" OR ""Dasyatis pacificus"" OR ""Himantura pacifica"""
"""Styracura schmardae""","""Styracura schmardae"" OR ""Trygon schmardae"" OR ""Himantura schmardae"""
"""Sympterygia acuta""","""Sympterygia acuta"" OR ""Raja echinorhyncha"""
"""Sympterygia bonapartii""","""Sympterygia bonapartii"" OR ""Sympterygia bonapartei"" OR ""Raia marplatensis"""
"""Sympterygia brevicaudata""","""Sympterygia brevicaudata"" OR ""Psammobatis brevicaudatus"" OR ""Psammobatis asper"" OR ""Psammobatis caudispina"" OR ""Psammobatis chilcae"""
"""Sympterygia lima""","""Sympterygia lima"" OR ""Raja lima"" OR ""Raja acanthostyla"" OR ""Raja buergeri"" OR ""Raja chilensis"" OR ""Raja steindachneri"" OR ""Raja steindachneri"""
"""Taeniura lessoni""","""Taeniura lessoni"""
"""Taeniura lymma""","""Taeniura lymma"" OR ""Raja lymma"""
"""Taeniurops grabatus""","""Taeniurops grabatus"" OR ""Trygon grabatus"" OR ""Taeniura grabata"" OR ""Taeniurops grabata"""
"""Taeniurops meyeni""","""Taeniurops meyeni"" OR ""Taeniura melanospilos"" OR ""Taeniura meyeni"""
"""Telatrygon acutirostra""","""Telatrygon acutirostra"" OR ""Dasyatis acutirostra"""
"""Telatrygon biasa""","""Telatrygon biasa"""
"""Telatrygon crozieri""","""Telatrygon crozieri"" OR ""Trygon crozieri"""
"""Telatrygon zugei""","""Telatrygon zugei"" OR ""Dasyatis zugei"" OR ""Trygon zugei"""
"""Temera hardwickii""","""Temera hardwickii"""
"""Tetronarce californica""","""Tetronarce californica"" OR ""Torpedo californica"""
"""Tetronarce cowleyi""","""Tetronarce cowleyi"""
"""Tetronarce formosa""","""Tetronarce formosa"" OR ""Torpedo formosa"""
"""Tetronarce nobiliana""","""Tetronarce nobiliana"" OR ""Tetronarce fairchildi"" OR ""Tetronarce macneilli"" OR ""Torpedo nobiliana"""
"""Tetronarce occidentalis""","""Tetronarce occidentalis"" OR ""Torpedo occidentalis"""
"""Tetronarce puelcha""","""Tetronarce puelcha"" OR ""Torpedo puelcha"""
"""Tetronarce tokionis""","""Tetronarce tokionis"" OR ""Torpedo tokionis"" OR ""Tetronarcine tokionis"""
"""Tetronarce tremens""","""Tetronarce tremens"" OR ""Torpedo tremens"" OR ""Torpedo peruana"" OR ""Torpedo microdiscus"""
"""Torpedo adenensis""","""Torpedo adenensis"""
"""Torpedo andersoni""","""Torpedo andersoni"""
"""Torpedo bauchotae""","""Torpedo bauchotae"""
"""Torpedo fuscomaculata""","""Torpedo fuscomaculata"""
"""Torpedo mackayana""","""Torpedo mackayana"""
"""Torpedo marmorata""","""Torpedo marmorata"""
"""Torpedo panthera""","""Torpedo panthera"""
"""Torpedo sinuspersici""","""Torpedo sinuspersici"""
"""Torpedo suessii""","""Torpedo suessii"""
"""Torpedo torpedo""","""Torpedo torpedo"" OR ""Torpedo ocellata"" OR ""Raja torpedo"""
"""Trygonoptera galba""","""Trygonoptera galba"""
"""Trygonoptera imitata""","""Trygonoptera imitata"""
"""Trygonoptera mucosa""","""Trygonoptera mucosa"""
"""Trygonoptera ovalis""","""Trygonoptera ovalis"""
"""Trygonoptera personata""","""Trygonoptera personata"""
"""Trygonoptera testacea""","""Trygonoptera testacea"""
"""Trygonorrhina dumerilii""","""Trygonorrhina dumerilii"" OR ""Trygonorrhina melaleuca"""
"""Trygonorrhina fasciata""","""Trygonorrhina fasciata"" OR ""Trygonorrhina spA"""
"""Typhlonarke aysoni""","""Typhlonarke aysoni"" OR ""Typhlonarke tarakea"" OR ""Astrape aysoni"""
"""Urobatis concentricus""","""Urobatis concentricus"""
"""Urobatis halleri""","""Urobatis halleri"" OR ""Urolophus halleri"""
"""Urobatis jamaicensis""","""Urobatis jamaicensis"" OR ""Urolophus jamaicensis"""
"""Urobatis maculatus""","""Urobatis maculatus"""
"""Urobatis marmoratus""","""Urobatis marmoratus"" OR ""Urolophus marmoratus"""
"""Urobatis pardalis""","""Urobatis pardalis"""
"""Urobatis tumbesensis""","""Urobatis tumbesensis"" OR ""Urolophus tumbesensis"""
"""Urogymnus acanthobothrium""","""Urogymnus acanthobothrium"""
"""Urogymnus asperrimus""","""Urogymnus asperrimus"" OR ""Raja asperrima"""
"""Urogymnus dalyensis""","""Urogymnus dalyensis"" OR ""Himantura dalyensis"""
"""Urogymnus granulatus""","""Urogymnus granulatus"" OR ""Himantura ponapensis"" OR ""Himantura granulata"" OR ""Trygon granulata"""
"""Urogymnus lobistoma""","""Urogymnus lobistoma"" OR ""Himantura lobistoma"" OR ""Urogymnus lobistomus"""
"""Urogymnus polylepis""","""Urogymnus polylepis"" OR ""Himantura chaophraya"" OR ""Himantura polylepis"" OR ""Trygon polylepis"" OR ""Urogymnus laevior"""
"""Urolophus aurantiacus""","""Urolophus aurantiacus"""
"""Urolophus bucculentus""","""Urolophus bucculentus"""
"""Urolophus circularis""","""Urolophus circularis"""
"""Urolophus cruciatus""","""Urolophus cruciatus"" OR ""Raja cruciata"""
"""Urolophus deforgesi""","""Urolophus deforgesi"""
"""Urolophus expansus""","""Urolophus expansus"""
"""Urolophus flavomosaicus""","""Urolophus flavomosaicus"""
"""Urolophus gigas""","""Urolophus gigas"""
"""Urolophus javanicus""","""Urolophus javanicus"" OR ""Trygonoptera javanica"""
"""Urolophus kaianus""","""Urolophus kaianus"""
"""Urolophus kapalensis""","""Urolophus kapalensis"""
"""Urolophus lobatus""","""Urolophus lobatus"""
"""Urolophus mitosis""","""Urolophus mitosis"""
"""Urolophus neocaledoniensis""","""Urolophus neocaledoniensis"""
"""Urolophus orarius""","""Urolophus orarius"""
"""Urolophus papilio""","""Urolophus papilio"""
"""Urolophus paucimaculatus""","""Urolophus paucimaculatus"""
"""Urolophus piperatus""","""Urolophus piperatus"""
"""Urolophus sufflavus""","""Urolophus sufflavus"""
"""Urolophus viridis""","""Urolophus viridis"""
"""Urolophus westraliensis""","""Urolophus westraliensis"""
"""Urotrygon aspidura""","""Urotrygon aspidura"" OR ""Urolophus aspidurus"""
"""Urotrygon chilensis""","""Urotrygon chilensis"" OR ""Urolophus chilensis"" OR ""Urolophus goodei"""
"""Urotrygon cimar""","""Urotrygon cimar"""
"""Urotrygon microphthalmum""","""Urotrygon microphthalmum"""
"""Urotrygon munda""","""Urotrygon munda"""
"""Urotrygon nana""","""Urotrygon nana"""
"""Urotrygon reticulata""","""Urotrygon reticulata"""
"""Urotrygon rogersi""","""Urotrygon rogersi"" OR ""Urolophus rogersi"""
"""Urotrygon simulatrix""","""Urotrygon simulatrix"""
"""Urotrygon venezuelae""","""Urotrygon venezuelae"""
"""Zanobatus maculatus""","""Zanobatus maculatus"""
"""Zanobatus schoenleinii""","""Zanobatus schoenleinii"" OR ""Platyrhina schoenleinii"""
"""Zapteryx brevirostris""","""Zapteryx brevirostris"" OR ""Rhinobatus brevirostris"""
"""Zapteryx exasperata""","""Zapteryx exasperata"" OR ""Platyrhina exasperata"""
"""Zapteryx xyster""","""Zapteryx xyster"""
